"","year","generation","sba","Per_Poor_Window","Per_Deteriorate","Per_Poor_Wall","Per_Poor_Kitchen"
"1",1991,1,101,14.8760330578512,16.8067226890756,10.655737704918,15
"2",1991,1,102,14.2857142857143,28.5714285714286,12.0879120879121,7.69230769230769
"3",1991,1,103,20.7547169811321,16.0377358490566,3.77358490566037,16.1904761904762
"4",1991,1,104,25,29.7872340425532,13.5416666666667,8.60215053763442
"5",1991,1,105,18.3673469387755,31.9587628865979,10.2040816326531,6.25
"6",1991,1,106,3.37078651685393,29.5454545454545,14.6067415730337,0
"7",1991,1,107,3.84615384615384,5.46875,6.15384615384616,12.5984251968504
"8",1991,1,108,0,0,0,2.27272727272727
"9",1991,1,109,3.33333333333333,1.66666666666667,0,1.72413793103449
"10",1991,1,110,6,8,3,9.09090909090909
"11",1991,1,201,9.42028985507247,20.2898550724638,5.79710144927536,8.69565217391305
"12",1991,1,202,0,16.6666666666667,0,10.6382978723404
"13",1991,1,203,11.7647058823529,32,13.7254901960784,19.1489361702128
"14",1991,1,204,2.12765957446808,40.8602150537634,4.25531914893617,5.55555555555556
"15",1991,1,205,5.88235294117648,8.23529411764706,3.52941176470588,5.88235294117648
"16",1991,1,206,7.01754385964912,12.7272727272727,5.26315789473685,1.81818181818181
"17",1991,1,207,4.92957746478874,7.04225352112677,0,2.89855072463769
"18",1991,1,208,11,19.3877551020408,3,6.25
"19",1991,1,209,3.73134328358209,21.6417910447761,5.97014925373134,3.84615384615384
"20",1991,1,210,1.51515151515152,3.03030303030303,3.03030303030303,0
"21",1991,1,211,7.82608695652173,1.73913043478261,0,1.75438596491229
"22",1991,1,212,2.5,7.37704918032787,0,0.840336134453779
"23",1991,1,213,9.17431192660551,13.8888888888889,3.6697247706422,3.6697247706422
"24",1991,1,214,7.22891566265061,19.0184049079755,4.81927710843374,10.4938271604938
"25",1991,1,215,0,2.17391304347827,1.08695652173914,7.77777777777777
"26",1991,1,216,11.1111111111111,17.2839506172839,16.0493827160494,7.59493670886076
"27",1991,1,217,2.51572327044025,7.69230769230769,3.14465408805032,2.53164556962025
"28",1991,1,218,0,0.952380952380949,1.90476190476191,1.92307692307693
"29",1991,1,301,4.91803278688525,13.3333333333333,6.45161290322581,0
"30",1991,1,302,2.4390243902439,12.2699386503067,4.26829268292683,3.65853658536585
"31",1991,1,303,8.82352941176471,12.7450980392157,9.80392156862744,2.94117647058823
"32",1991,1,304,0,5.81395348837209,3.48837209302324,6.97674418604652
"33",1991,1,305,3.14960629921261,7.8740157480315,3.17460317460318,5.55555555555556
"34",1991,1,306,4.3859649122807,13.0434782608696,2.60869565217391,5.30973451327434
"35",1991,1,307,12.2448979591837,22.4489795918367,5.10204081632652,5.20833333333334
"36",1991,1,308,21.7391304347826,29.1666666666667,8.69565217391305,8.33333333333334
"37",1991,1,309,9.78260869565217,13.1868131868132,10.8695652173913,5.43478260869566
"38",1991,1,310,1.97044334975369,10,5.41871921182266,5
"39",1991,1,401,3.50877192982456,2.9585798816568,2.3391812865497,2.42424242424242
"40",1991,1,402,2.23880597014924,2.20588235294117,0.740740740740748,3.00751879699249
"41",1991,1,403,2.40963855421687,12.1951219512195,2.40963855421687,0.621118012422357
"42",1991,1,404,2.27272727272727,10.6870229007634,3.78787878787878,1.55038759689923
"43",1991,1,405,1.03092783505154,7.21649484536083,2.0618556701031,1.03092783505154
"44",1991,1,406,0,0,1,1
"45",1991,1,407,0.591715976331358,1.19047619047619,0,1.20481927710844
"46",1991,1,408,5.20833333333334,12.6315789473684,4.16666666666666,6.38297872340425
"47",1991,1,409,0,5.4054054054054,3.94736842105263,0
"48",1991,1,410,3.77358490566037,3.77358490566037,3.77358490566037,0
"49",1991,1,411,0,0,0,3.77358490566037
"50",1991,1,412,5.15463917525774,23.469387755102,6.18556701030928,3.09278350515464
"51",1991,1,413,1.09890109890109,4.39560439560439,2.1978021978022,1.12359550561798
"52",1991,1,414,4.34782608695652,17.3913043478261,10.8695652173913,4.65116279069767
"53",1991,1,501,14.5833333333333,14.5833333333333,8.16326530612244,0
"54",1991,1,502,8.51063829787235,4.34782608695652,2.12765957446808,4.25531914893617
"55",1991,1,503,0,0,0,3.125
"56",1991,2,101,7.14285714285714,10.7142857142857,7.14285714285714,7.4074074074074
"57",1991,2,102,22.5806451612903,25.8064516129032,9.67741935483872,7.4074074074074
"58",1991,2,103,62.5,12.5,12.5,12.5
"59",1991,2,104,9.09090909090909,18.1818181818182,18.1818181818182,9.09090909090909
"60",1991,2,105,19.0476190476191,21.4285714285714,7.14285714285714,4.76190476190477
"61",1991,2,106,7.46268656716418,23.8805970149254,19.4029850746269,0
"62",1991,2,107,0,7.89473684210526,5.26315789473685,7.89473684210526
"63",1991,2,108,1.53846153846153,1.5625,0,0
"64",1991,2,109,1.5625,3.125,0,6.45161290322581
"65",1991,2,110,4.16666666666666,8.33333333333334,4.16666666666666,8.69565217391305
"66",1991,2,201,2.38095238095238,2.38095238095238,2.38095238095238,2.38095238095238
"67",1991,2,202,2.77777777777779,11.1111111111111,2.77777777777779,5.55555555555556
"68",1991,2,203,18.1818181818182,40,18.1818181818182,20
"69",1991,2,204,0,38.7096774193548,6.45161290322581,3.33333333333333
"70",1991,2,205,21.4285714285714,7.14285714285714,7.14285714285714,21.4285714285714
"71",1991,2,206,1.9607843137255,7.84313725490196,5.88235294117648,0
"72",1991,2,207,0,2.63157894736842,0,0
"73",1991,2,208,0,0,0,0
"74",1991,2,209,0,0,0,0
"75",1991,2,210,0,3.48837209302324,0,1.17647058823529
"76",1991,2,211,0,2.97029702970298,1.98019801980197,2.04081632653062
"77",1991,2,212,4.22535211267606,7.2463768115942,2.8169014084507,0
"78",1991,2,213,4.91803278688525,8.19672131147541,1.63934426229508,1.63934426229508
"79",1991,2,214,3.77358490566037,7.54716981132076,1.88679245283019,6.12244897959184
"80",1991,2,215,2.1978021978022,1.09890109890109,1.09890109890109,0
"81",1991,2,216,12.5,14.2857142857143,25,25
"82",1991,2,217,0,0,0,0
"83",1991,2,218,0,0,0,0
"84",1991,2,301,7.14285714285714,10.9090909090909,12.5,5.35714285714286
"85",1991,2,302,3.07692307692308,4.61538461538461,1.51515151515152,6.06060606060606
"86",1991,2,303,3.2258064516129,5,4.83870967741935,1.61290322580645
"87",1991,2,304,1.14942528735632,4.76190476190477,4.59770114942529,4.59770114942529
"88",1991,2,305,2.56410256410257,9.4017094017094,5.12820512820514,7.75862068965517
"89",1991,2,306,2.77777777777779,6.54205607476635,4.58715596330275,1.8348623853211
"90",1991,2,307,0,15.3846153846154,14.2857142857143,14.2857142857143
"91",1991,2,308,33.3333333333333,16.6666666666667,0,0
"92",1991,2,309,4,8,8,4
"93",1991,2,310,0,2.38095238095238,2.38095238095238,0
"94",1991,2,401,2.53164556962025,0,0,0
"95",1991,2,402,7.69230769230769,7.69230769230769,2.56410256410257,0
"96",1991,2,403,0,3.44827586206897,0,0
"97",1991,2,404,0,5,10,0
"98",1991,2,405,4.21052631578948,5.3763440860215,4.21052631578948,0
"99",1991,2,406,0,0,0,1.63934426229508
"100",1991,2,407,2.1978021978022,2.22222222222223,1.09890109890109,1.12359550561798
"101",1991,2,408,3.03030303030303,10.4477611940299,2.98507462686567,1.5625
"102",1991,2,409,3.57142857142857,1.85185185185185,0,0
"103",1991,2,410,0,0,0,0
"104",1991,2,411,0,0,0,0
"105",1991,2,412,19.0476190476191,15.7894736842105,9.52380952380952,0
"106",1991,2,413,0,1.72413793103449,0,1.78571428571429
"107",1991,2,414,8.51063829787235,2.08333333333334,2.04081632653062,2.04081632653062
"108",1991,2,501,15.8730158730159,14.2857142857143,14.2857142857143,1.5873015873016
"109",1991,2,502,3.38983050847457,5.08474576271186,3.44827586206897,1.69491525423729
"110",1991,2,503,0,1.75438596491229,0,0
"111",1993,1,101,6.33802816901408,11.6788321167883,2.83687943262412,5.67375886524822
"112",1993,1,102,12.1739130434783,13.1578947368421,1.73913043478261,5.30973451327434
"113",1993,1,103,6.30630630630631,14.8148148148148,5.4054054054054,11.8181818181818
"114",1993,1,104,7.4766355140187,13.0841121495327,3.70370370370371,4.67289719626169
"115",1993,1,105,3.33333333333333,9.91735537190083,0,4.20168067226891
"116",1993,1,106,0,3.2967032967033,1.11111111111111,1.11111111111111
"117",1993,1,107,1.77514792899409,0.595238095238088,0.591715976331358,2.39520958083833
"118",1993,1,108,2.4390243902439,2.5,2.4390243902439,2.5
"119",1993,1,109,1.20481927710844,1.20481927710844,1.20481927710844,2.46913580246914
"120",1993,1,110,0,0.847457627118644,0.847457627118644,4.31034482758621
"121",1993,1,201,2.45901639344262,9.7560975609756,2.4390243902439,4.16666666666666
"122",1993,1,202,8.33333333333334,10.8695652173913,10.4166666666667,6.25
"123",1993,1,203,3.92156862745098,14,7.84313725490196,5.88235294117648
"124",1993,1,204,9.375,7.60869565217391,3.125,2.15053763440861
"125",1993,1,205,5.68181818181817,11.6279069767442,1.13636363636364,3.48837209302324
"126",1993,1,206,3.92156862745098,11.7647058823529,1.9607843137255,0
"127",1993,1,207,3.38983050847457,15.2542372881356,2.54237288135593,4.27350427350427
"128",1993,1,208,3.52941176470588,14.4578313253012,2.35294117647059,10.8433734939759
"129",1993,1,209,5.10204081632652,12.6315789473684,1.04166666666666,4.25531914893617
"130",1993,1,210,2.77777777777779,8.33333333333334,0,1.40845070422534
"131",1993,1,211,3.75939849624061,9.77443609022556,3.00751879699249,3.03030303030303
"132",1993,1,212,0.961538461538453,3.84615384615384,0,0.961538461538453
"133",1993,1,213,4.46428571428571,7.14285714285714,3.53982300884957,3.63636363636364
"134",1993,1,214,5.47945205479452,2.14285714285715,1.36986301369863,6.89655172413794
"135",1993,1,215,4.95049504950495,4,0,0.990099009900987
"136",1993,1,216,8.1081081081081,19.1780821917808,2.70270270270269,9.58904109589042
"137",1993,1,217,0.704225352112672,5.67375886524822,0.704225352112672,5.03597122302159
"138",1993,1,218,0.970873786407765,0,0,0
"139",1993,1,301,0,10.9090909090909,0,3.57142857142857
"140",1993,1,302,8.09248554913295,11.6959064327485,7.51445086705202,4.21686746987952
"141",1993,1,303,5.71428571428572,17.6470588235294,0.952380952380949,5.8252427184466
"142",1993,1,304,0,2.38095238095238,0,7.3170731707317
"143",1993,1,305,5.36912751677853,8.84353741496598,5.36912751677853,10.958904109589
"144",1993,1,306,4.42477876106194,0.943396226415089,0.892857142857139,0.917431192660544
"145",1993,1,307,10.5263157894737,36.5217391304348,10.6194690265487,12.6126126126126
"146",1993,1,308,11.7647058823529,28.125,8.82352941176471,18.1818181818182
"147",1993,1,309,12.3456790123457,15.1898734177215,9.63855421686746,4.81927710843374
"148",1993,1,310,5.90551181102363,19.6787148594377,6.66666666666667,10.6719367588933
"149",1993,1,401,3.43137254901961,5.52763819095478,1.98019801980197,2.05128205128206
"150",1993,1,402,4.51127819548873,11.4503816793893,3.75939849624061,2.36220472440945
"151",1993,1,403,2.27272727272727,4.02298850574712,0.568181818181827,6.3953488372093
"152",1993,1,404,1.40845070422534,1.40845070422534,1.3986013986014,2.7972027972028
"153",1993,1,405,1.90476190476191,0,0,0
"154",1993,1,406,3.81679389312977,0,0,2.29007633587787
"155",1993,1,407,0.487804878048777,0.487804878048777,0.487804878048777,2.48756218905473
"156",1993,1,408,0,0.869565217391298,0,0.847457627118644
"157",1993,1,409,6.12244897959184,19.5876288659794,4.12371134020619,0
"158",1993,1,410,0,15.5172413793103,8.47457627118644,1.69491525423729
"159",1993,1,411,0,4.6875,0,1.5873015873016
"160",1993,1,412,5.26315789473685,7.29166666666666,4.16666666666666,0
"161",1993,1,413,0,6.5934065934066,0,3.33333333333333
"162",1993,1,414,15.6862745098039,22,15.6862745098039,0
"163",1993,1,501,8.51063829787235,15.9090909090909,4.25531914893617,0
"164",1993,1,502,0,2.38095238095238,2.38095238095238,0
"165",1993,1,503,0,0,0,3.44827586206897
"166",1993,2,101,9.09090909090909,6.45161290322581,3.03030303030303,0
"167",1993,2,102,2.85714285714286,2.85714285714286,5.71428571428572,0
"168",1993,2,103,5.55555555555556,11.7647058823529,0,11.1111111111111
"169",1993,2,104,11.1111111111111,18.5185185185185,7.4074074074074,4.34782608695652
"170",1993,2,105,3.70370370370371,11.1111111111111,3.70370370370371,0
"171",1993,2,106,3.27868852459017,3.33333333333333,0,1.75438596491229
"172",1993,2,107,3.50877192982456,3.57142857142857,3.50877192982456,1.78571428571429
"173",1993,2,108,0,1.63934426229508,0,0
"174",1993,2,109,4.41176470588235,4.47761194029852,2.94117647058823,3.03030303030303
"175",1993,2,110,0,0,0,6.45161290322581
"176",1993,2,201,2.22222222222223,4.34782608695652,2.22222222222223,4.34782608695652
"177",1993,2,202,0,6.25,3.03030303030303,6.06060606060606
"178",1993,2,203,0,17.6470588235294,5.88235294117648,5.88235294117648
"179",1993,2,204,10.3448275862069,20.6896551724138,10.3448275862069,0
"180",1993,2,205,5.26315789473685,5.26315789473685,0,10.5263157894737
"181",1993,2,206,1.88679245283019,11.3207547169811,1.88679245283019,3.77358490566037
"182",1993,2,207,4.54545454545455,11.3636363636364,2.27272727272727,2.27272727272727
"183",1993,2,208,7.14285714285714,7.14285714285714,0,0
"184",1993,2,209,16.6666666666667,16.6666666666667,0,0
"185",1993,2,210,3.79746835443038,3.79746835443038,2.53164556962025,0
"186",1993,2,211,1.05263157894737,6.31578947368421,1.05263157894737,0
"187",1993,2,212,2.8169014084507,1.40845070422534,0,0
"188",1993,2,213,0,6.66666666666667,0,6.81818181818183
"189",1993,2,214,5.12820512820514,2.56410256410257,2.56410256410257,0
"190",1993,2,215,1.40845070422534,1.40845070422534,0,2.89855072463769
"191",1993,2,216,9.09090909090909,40,0,9.09090909090909
"192",1993,2,217,0,10,0,10
"193",1993,2,218,1.42857142857142,1.42857142857142,0,2.8169014084507
"194",1993,2,301,1.88679245283019,5.76923076923077,0,0
"195",1993,2,302,8.47457627118644,11.864406779661,8.47457627118644,0
"196",1993,2,303,1.88679245283019,12.962962962963,0,1.92307692307693
"197",1993,2,304,0,1.0752688172043,0,2.17391304347827
"198",1993,2,305,3.6697247706422,3.70370370370371,0.917431192660544,3.6697247706422
"199",1993,2,306,2.91262135922329,3,0.970873786407765,1.98019801980197
"200",1993,2,307,22.2222222222222,19.2307692307692,7.4074074074074,3.70370370370371
"201",1993,2,308,26.6666666666667,35.7142857142857,6.66666666666667,13.3333333333333
"202",1993,2,309,4.16666666666666,12.5,4.16666666666666,4.16666666666666
"203",1993,2,310,0,22.7272727272727,4.54545454545455,6.81818181818183
"204",1993,2,401,5.26315789473685,6.66666666666667,2.63157894736842,1.33333333333333
"205",1993,2,402,0,0,0,3.44827586206897
"206",1993,2,403,0,4,0,4.16666666666666
"207",1993,2,404,0,0,0,0
"208",1993,2,405,0,1.44927536231883,1.40845070422534,2.77777777777779
"209",1993,2,406,0,0,0,1.51515151515152
"210",1993,2,407,0,1.94174757281553,0.961538461538453,0.980392156862735
"211",1993,2,408,0,1.92307692307693,0,1.81818181818181
"212",1993,2,409,4.25531914893617,8.88888888888889,0,0
"213",1993,2,410,0,4.54545454545455,2.27272727272727,0
"214",1993,2,411,0,0,0,0
"215",1993,2,412,16.6666666666667,11.1111111111111,16.6666666666667,5.88235294117648
"216",1993,2,413,0,0,0,0
"217",1993,2,414,7.3170731707317,17.948717948718,9.52380952380952,4.8780487804878
"218",1993,2,501,14.0350877192982,15.7894736842105,6.89655172413794,0
"219",1993,2,502,0,1.88679245283019,0,1.92307692307693
"220",1993,2,503,0,1.5625,1.53846153846153,0
"221",1996,1,101,8.59375,4.6875,10.15625,5.6910569105691
"222",1996,1,102,5.76923076923077,7.61904761904762,4.76190476190477,11
"223",1996,1,103,14.1666666666667,9.16666666666667,18.3333333333333,8.92857142857143
"224",1996,1,104,5.88235294117648,5.8252427184466,4.85436893203884,7.69230769230769
"225",1996,1,105,9.77443609022556,12.8787878787879,4.51127819548873,7.75193798449612
"226",1996,1,106,6.09756097560977,8.53658536585365,2.5,7.89473684210526
"227",1996,1,107,9.58904109589042,7.53424657534246,2.06896551724138,5.5944055944056
"228",1996,1,108,4.44444444444444,0,0,2.56410256410257
"229",1996,1,109,8.13953488372093,1.17647058823529,1.16279069767442,2.4390243902439
"230",1996,1,110,9.17431192660551,13.5922330097087,3.6697247706422,4
"231",1996,1,201,4.09836065573771,19.0082644628099,4.09836065573771,2.60869565217391
"232",1996,1,202,4.16666666666666,10.4166666666667,4.16666666666666,2.27272727272727
"233",1996,1,203,28.8888888888889,51.1111111111111,18.1818181818182,6.97674418604652
"234",1996,1,204,4.85436893203884,7.69230769230769,3.84615384615384,2.15053763440861
"235",1996,1,205,6.89655172413794,10.3448275862069,4.59770114942529,1.14942528735632
"236",1996,1,206,25.4237288135593,18.6440677966102,10.1694915254237,3.44827586206897
"237",1996,1,207,3.93700787401575,13.4920634920635,2.34375,2.70270270270269
"238",1996,1,208,16.2162162162162,24.3243243243243,12.5,6.94444444444444
"239",1996,1,209,0.869565217391298,7.75862068965517,5.21739130434783,4.42477876106194
"240",1996,1,210,0,1.33333333333333,1.33333333333333,2.70270270270269
"241",1996,1,211,0,0.675675675675677,0,1.43884892086331
"242",1996,1,212,3.6036036036036,7.14285714285714,5.35714285714286,2.72727272727272
"243",1996,1,213,3.2,8.8,1.5873015873016,9.01639344262296
"244",1996,1,214,4.93827160493827,5.66037735849056,3.08641975308642,0.645161290322577
"245",1996,1,215,5.93220338983051,8.47457627118644,5.12820512820514,1.75438596491229
"246",1996,1,216,15.8536585365854,14.4578313253012,6.09756097560977,4.8780487804878
"247",1996,1,217,5.18518518518518,6.71641791044776,3.70370370370371,3.87596899224806
"248",1996,1,218,0.769230769230774,1.53846153846153,0.763358778625957,0
"249",1996,1,301,2.12765957446808,4.25531914893617,2.12765957446808,6.66666666666667
"250",1996,1,302,6.79012345679013,17.2839506172839,6.83229813664596,3.92156862745098
"251",1996,1,303,4.3010752688172,19.3548387096774,9.67741935483872,10.2272727272727
"252",1996,1,304,2.08333333333334,4.21052631578948,1.05263157894737,1.12359550561798
"253",1996,1,305,1.44927536231883,4.34782608695652,1.44927536231883,5.64516129032258
"254",1996,1,306,3.125,5.20833333333334,0,0
"255",1996,1,307,17,19.8019801980198,8,7.22891566265061
"256",1996,1,308,20.5882352941177,38.2352941176471,17.6470588235294,13.3333333333333
"257",1996,1,309,9.47368421052632,26.0869565217391,13.6842105263158,10.2272727272727
"258",1996,1,310,11.0266159695818,23.0188679245283,6.06060606060606,10.5882352941176
"259",1996,1,401,2.24719101123596,3.37078651685393,1.68539325842697,3.40909090909091
"260",1996,1,402,1.5625,2.36220472440945,1.5625,1.66666666666667
"261",1996,1,403,8.18713450292398,19.1616766467066,6.43274853801171,6.70731707317073
"262",1996,1,404,1.37931034482759,12.4137931034483,1.37931034482759,2.91970802919708
"263",1996,1,405,0.862068965517238,0,0,0.877192982456137
"264",1996,1,406,1.32450331125827,0,0,4.0268456375839
"265",1996,1,407,1.38888888888889,1.4018691588785,3.24074074074075,1.88679245283019
"266",1996,1,408,0.714285714285708,4.28571428571428,1.42857142857142,4.44444444444444
"267",1996,1,409,0.892857142857139,2.67857142857143,0.892857142857139,1.85185185185185
"268",1996,1,410,6.66666666666667,4,2.66666666666666,0
"269",1996,1,411,0,6.25,1.5625,0
"270",1996,1,412,1.70940170940172,4.42477876106194,1.69491525423729,4
"271",1996,1,413,2.30769230769231,2.34375,1.52671755725191,0.952380952380949
"272",1996,1,414,3.84615384615384,4,3.84615384615384,0
"273",1996,1,501,1.72413793103449,11.864406779661,3.38983050847457,3.57142857142857
"274",1996,1,502,0,4.76190476190477,2.38095238095238,2.5
"275",1996,1,503,0,6.25,6.06060606060606,0
"276",1996,2,101,3.57142857142857,0,7.14285714285714,11.1111111111111
"277",1996,2,102,4.16666666666666,16,4,8.69565217391305
"278",1996,2,103,4.34782608695652,4.34782608695652,4.34782608695652,17.3913043478261
"279",1996,2,104,5,5,0,0
"280",1996,2,105,25,16.6666666666667,11.1111111111111,8.57142857142857
"281",1996,2,106,1.78571428571429,1.78571428571429,0,7.27272727272728
"282",1996,2,107,7.8125,7.8125,4.6875,3.125
"283",1996,2,108,1.66666666666667,1.66666666666667,1.66666666666667,1.78571428571429
"284",1996,2,109,3.07692307692308,3.125,3.07692307692308,4.76190476190477
"285",1996,2,110,9.7560975609756,12.1951219512195,0,5.26315789473685
"286",1996,2,201,0,14.6341463414634,4.76190476190477,2.70270270270269
"287",1996,2,202,0,0,3.84615384615384,3.84615384615384
"288",1996,2,203,0,0,0,0
"289",1996,2,204,10,10,5,5.26315789473685
"290",1996,2,205,10,5,5,0
"291",1996,2,206,16.6666666666667,16.6666666666667,9.7560975609756,2.4390243902439
"292",1996,2,207,0,8,0,0
"293",1996,2,208,15.7894736842105,21.0526315789474,0,5.55555555555556
"294",1996,2,209,0,0,0,0
"295",1996,2,210,3.44827586206897,0,5.08474576271186,0
"296",1996,2,211,1.69491525423729,1.63934426229508,1.63934426229508,1.69491525423729
"297",1996,2,212,1.78571428571429,3.57142857142857,7.14285714285714,3.77358490566037
"298",1996,2,213,0,0,0,7.3170731707317
"299",1996,2,214,2.38095238095238,6.97674418604652,4.65116279069767,2.38095238095238
"300",1996,2,215,3.94736842105263,1.31578947368422,1.33333333333333,4
"301",1996,2,216,0,0,0,0
"302",1996,2,217,7.14285714285714,7.14285714285714,7.14285714285714,0
"303",1996,2,218,0,1.47058823529412,0,0
"304",1996,2,301,2.77777777777779,2.85714285714286,2.77777777777779,0
"305",1996,2,302,4.44444444444444,11.3636363636364,6.66666666666667,2.27272727272727
"306",1996,2,303,0,0,7.5,2.5
"307",1996,2,304,1.69491525423729,3.38983050847457,5.08474576271186,0
"308",1996,2,305,0,3.26086956521739,4.34782608695652,4.76190476190477
"309",1996,2,306,1.06382978723404,4.34782608695652,2.12765957446808,2.1978021978022
"310",1996,2,307,9.52380952380952,19.0476190476191,4.76190476190477,6.25
"311",1996,2,308,15.3846153846154,15.3846153846154,15.3846153846154,7.14285714285714
"312",1996,2,309,5.26315789473685,26.3157894736842,13.1578947368421,18.9189189189189
"313",1996,2,310,3.33333333333333,16.6666666666667,0,3.33333333333333
"314",1996,2,401,0,2.4390243902439,1.20481927710844,0
"315",1996,2,402,0,0,0,3.03030303030303
"316",1996,2,403,4.34782608695652,4.34782608695652,4.34782608695652,4.54545454545455
"317",1996,2,404,0,9.09090909090909,0,0
"318",1996,2,405,0,1.5873015873016,0,0
"319",1996,2,406,0,0,0,2
"320",1996,2,407,1.08695652173914,1.08695652173914,3.2258064516129,0
"321",1996,2,408,0,3.84615384615384,1.92307692307693,0
"322",1996,2,409,0,0,0,0
"323",1996,2,410,0,0,0,0
"324",1996,2,411,0,0,0,4.91803278688525
"325",1996,2,412,0,7.14285714285714,0,0
"326",1996,2,413,0,0,0,0
"327",1996,2,414,0,0,0,0
"328",1996,2,501,1.5625,9.52380952380952,6.25,4.6875
"329",1996,2,502,1.72413793103449,1.75438596491229,1.72413793103449,1.75438596491229
"330",1996,2,503,0,0,1.88679245283019,1.88679245283019
"331",1999,1,101,15.4471544715447,12.2950819672131,8.130081300813,7.5
"332",1999,1,102,4.1095890410959,2.77777777777779,0,5.71428571428572
"333",1999,1,103,6.77966101694916,15.3846153846154,13.5593220338983,4.42477876106194
"334",1999,1,104,1.01010101010101,2.0618556701031,0,3.26086956521739
"335",1999,1,105,5.26315789473685,13.6363636363636,7.01754385964912,2.83018867924528
"336",1999,1,106,4.70588235294119,13.0952380952381,0,10.126582278481
"337",1999,1,107,6.4748201438849,15.8273381294964,2.85714285714286,4.41176470588235
"338",1999,1,108,0,8.1081081081081,5.4054054054054,2.77777777777779
"339",1999,1,109,2.70270270270269,2.73972602739725,5.33333333333333,4.05405405405406
"340",1999,1,110,5.15463917525774,7.29166666666666,5.15463917525774,4.25531914893617
"341",1999,1,201,3.03030303030303,12.1212121212121,6.10687022900763,3.84615384615384
"342",1999,1,202,5.55555555555556,7.4074074074074,0,11.7647058823529
"343",1999,1,203,8.57142857142857,20,8.57142857142857,11.1111111111111
"344",1999,1,204,13.3333333333333,13.3333333333333,11.4285714285714,1.90476190476191
"345",1999,1,205,5.95238095238095,4.76190476190477,3.57142857142857,6.41025641025641
"346",1999,1,206,11.3207547169811,14.8148148148148,0,1.9607843137255
"347",1999,1,207,4.54545454545455,6.2015503875969,0.757575757575751,3.10077519379846
"348",1999,1,208,13.4328358208955,16.9230769230769,4.47761194029852,8.19672131147541
"349",1999,1,209,1.76991150442478,4.3859649122807,3.50877192982456,4.54545454545455
"350",1999,1,210,3.75,6.25,1.25,2.53164556962025
"351",1999,1,211,2.32558139534885,7.75193798449612,2.32558139534885,3.87596899224806
"352",1999,1,212,4.04040404040404,3.09278350515464,3.03030303030303,0
"353",1999,1,213,4.80000000000001,11.9047619047619,0,4.76190476190477
"354",1999,1,214,7.5187969924812,7.46268656716418,0.746268656716424,3.78787878787878
"355",1999,1,215,2.5,2.5,0.833333333333329,0.840336134453779
"356",1999,1,216,3.8961038961039,12.987012987013,2.56410256410257,2.70270270270269
"357",1999,1,217,5.51181102362204,9.44881889763781,3.93700787401575,3.33333333333333
"358",1999,1,218,2.23880597014924,5.97014925373134,3.73134328358209,0
"359",1999,1,301,0,1.9607843137255,0,0
"360",1999,1,302,10.6870229007634,15.8730158730159,3.05343511450383,2.45901639344262
"361",1999,1,303,7.46268656716418,10.6060606060606,10.4477611940299,4.47761194029852
"362",1999,1,304,2.63157894736842,1.31578947368422,3.94736842105263,0
"363",1999,1,305,0.751879699248121,6.87022900763358,0,6.81818181818183
"364",1999,1,306,0.934579439252332,3.6697247706422,0,0.952380952380949
"365",1999,1,307,4.25531914893617,6.38297872340425,2.12765957446808,4.3010752688172
"366",1999,1,308,18.3673469387755,40.8163265306122,16.6666666666667,8.51063829787235
"367",1999,1,309,13.953488372093,15.1162790697674,12.7906976744186,7.14285714285714
"368",1999,1,310,7.69230769230769,11.5384615384615,3.07692307692308,5.88235294117648
"369",1999,1,401,0.543478260869563,3.33333333333333,1.63043478260869,3.31491712707182
"370",1999,1,402,2.25563909774436,6.06060606060606,0,3.87596899224806
"371",1999,1,403,2.05128205128206,5.20833333333334,3.07692307692308,0.523560209424076
"372",1999,1,404,2.3391812865497,2.35294117647059,2.3391812865497,3.03030303030303
"373",1999,1,405,0,0.8130081300813,1.5625,2.60869565217391
"374",1999,1,406,0.757575757575751,0,0.751879699248121,0.799999999999997
"375",1999,1,407,3.21100917431193,2.73972602739725,0.913242009132418,0.471698113207552
"376",1999,1,408,1.5625,16.2790697674419,3.10077519379846,1.61290322580645
"377",1999,1,409,3.57142857142857,8.03571428571429,2.65486725663717,0
"378",1999,1,410,0,1.19047619047619,0,1.2987012987013
"379",1999,1,411,2.63157894736842,6.66666666666667,2.63157894736842,0
"380",1999,1,412,3.63636363636364,14.1509433962264,3.6036036036036,2.85714285714286
"381",1999,1,413,0,5.17241379310344,0,1.73913043478261
"382",1999,1,414,1.66666666666667,6.66666666666667,10,3.44827586206897
"383",1999,1,501,7.4074074074074,3.70370370370371,1.85185185185185,3.92156862745098
"384",1999,1,502,0,0,0,2.12765957446808
"385",1999,1,503,0,0,0,0
"386",1999,2,101,11.7647058823529,17.6470588235294,8.82352941176471,3.2258064516129
"387",1999,2,102,6.06060606060606,9.375,0,0
"388",1999,2,103,16.6666666666667,26.6666666666667,16.6666666666667,3.33333333333333
"389",1999,2,104,4,16,8,0
"390",1999,2,105,0,10.2564102564102,5,2.77777777777779
"391",1999,2,106,0,3.63636363636364,0,1.9607843137255
"392",1999,2,107,7.8125,15.625,0,6.25
"393",1999,2,108,0,7.84313725490196,5.88235294117648,5.76923076923077
"394",1999,2,109,2.17391304347827,8.69565217391305,4.34782608695652,4.44444444444444
"395",1999,2,110,2.85714285714286,11.4285714285714,11.4285714285714,2.85714285714286
"396",1999,2,201,0,2.5,0,0
"397",1999,2,202,0,4.54545454545455,0,15.7894736842105
"398",1999,2,203,4.76190476190477,19.0476190476191,9.52380952380952,5
"399",1999,2,204,0,14.8148148148148,11.1111111111111,0
"400",1999,2,205,3.70370370370371,7.4074074074074,7.4074074074074,8
"401",1999,2,206,10.8108108108108,18.9189189189189,5.4054054054054,8.1081081081081
"402",1999,2,207,6.89655172413794,10.7142857142857,0,3.57142857142857
"403",1999,2,208,4,16,4,4.16666666666666
"404",1999,2,209,0,0,20,0
"405",1999,2,210,0,3.33333333333333,0,0
"406",1999,2,211,0,0,1.26582278481013,0
"407",1999,2,212,0,2.12765957446808,2.12765957446808,2.27272727272727
"408",1999,2,213,2.56410256410257,17.5,5,5
"409",1999,2,214,0,2.63157894736842,0,2.56410256410257
"410",1999,2,215,0,0,0,2.32558139534885
"411",1999,2,216,8.33333333333334,8.33333333333334,16.6666666666667,8.33333333333334
"412",1999,2,217,12,8,8,4.54545454545455
"413",1999,2,218,3.77358490566037,1.88679245283019,1.88679245283019,1.88679245283019
"414",1999,2,301,0,11.4285714285714,0,5.88235294117648
"415",1999,2,302,5.4054054054054,8.1081081081081,5.4054054054054,2.63157894736842
"416",1999,2,303,4.44444444444444,6.66666666666667,4.44444444444444,2.22222222222223
"417",1999,2,304,1.5873015873016,1.5873015873016,1.5873015873016,0
"418",1999,2,305,1.12359550561798,3.40909090909091,1.11111111111111,4.49438202247191
"419",1999,2,306,0,0,0,0
"420",1999,2,307,4.16666666666666,8.33333333333334,0,0
"421",1999,2,308,11.1111111111111,35.2941176470588,11.1111111111111,18.75
"422",1999,2,309,19.2307692307692,15.3846153846154,15.3846153846154,3.84615384615384
"423",1999,2,310,2.22222222222223,0,0,6.81818181818183
"424",1999,2,401,1.5873015873016,1.5873015873016,0,1.5873015873016
"425",1999,2,402,3.03030303030303,3.03030303030303,3.03030303030303,0
"426",1999,2,403,5.88235294117648,11.7647058823529,5.88235294117648,0
"427",1999,2,404,0,0,6.66666666666667,0
"428",1999,2,405,0,2.73972602739725,4.05405405405406,0
"429",1999,2,406,0,2.63157894736842,0,0
"430",1999,2,407,0,1.11111111111111,0,2.40963855421687
"431",1999,2,408,0,11.1111111111111,4.44444444444444,2.27272727272727
"432",1999,2,409,5,7.5,0,2.56410256410257
"433",1999,2,410,0,0,0,0
"434",1999,2,411,1.61290322580645,11.2903225806452,9.67741935483872,0
"435",1999,2,412,7.14285714285714,0,0,7.69230769230769
"436",1999,2,413,0,0,0,0
"437",1999,2,414,0,2.5,5,2.5
"438",1999,2,501,3.92156862745098,4,1.9607843137255,1.9607843137255
"439",1999,2,502,0,0,0,0
"440",1999,2,503,1.5625,1.5625,0,3.17460317460318
"441",2002,1,101,0.699300699300693,2.11267605633803,2.7972027972028,5.71428571428572
"442",2002,1,102,3.17460317460318,21.6,3.17460317460318,3.2258064516129
"443",2002,1,103,9.77443609022556,20.8955223880597,4.51127819548873,1.55038759689923
"444",2002,1,104,4.54545454545455,8.3969465648855,0.751879699248121,6.2992125984252
"445",2002,1,105,4.16666666666666,12.5,0,6.83760683760684
"446",2002,1,106,2.10526315789473,9.57446808510637,4.21052631578948,3.19148936170212
"447",2002,1,107,1.41843971631207,1.40845070422534,3.52112676056338,4.9645390070922
"448",2002,1,108,1.92307692307693,1.9607843137255,1.92307692307693,2
"449",2002,1,109,0,1.11111111111111,1.0752688172043,0
"450",2002,1,110,3.27868852459017,10,5.73770491803278,1.70940170940172
"451",2002,1,201,0.819672131147541,5.88235294117648,2.45901639344262,0
"452",2002,1,202,5.66037735849056,5.76923076923077,9.43396226415094,1.9607843137255
"453",2002,1,203,12.3287671232877,5.55555555555556,6.84931506849315,6.94444444444444
"454",2002,1,204,4.3859649122807,8.92857142857143,5.26315789473685,3.70370370370371
"455",2002,1,205,2.98507462686567,2.98507462686567,0.746268656716424,2.27272727272727
"456",2002,1,206,5.76923076923077,11.7647058823529,0,3.84615384615384
"457",2002,1,207,3.64963503649635,10.2189781021898,3.64963503649635,1.49253731343283
"458",2002,1,208,5.31914893617021,3.15789473684211,1.05263157894737,3.2258064516129
"459",2002,1,209,1.72413793103449,0.862068965517238,5.12820512820514,5.30973451327434
"460",2002,1,210,2.73972602739725,5.47945205479452,5.47945205479452,2.8169014084507
"461",2002,1,211,1.6042780748663,2.13903743315508,0.534759358288767,1.66666666666667
"462",2002,1,212,7.14285714285714,9.67741935483872,7.14285714285714,0.819672131147541
"463",2002,1,213,1.48148148148148,2.27272727272727,2.22222222222223,1.50375939849624
"464",2002,1,214,2.39520958083833,3.6144578313253,1.19047619047619,5.12820512820514
"465",2002,1,215,2.98507462686567,6.71641791044776,0,0.799999999999997
"466",2002,1,216,10.3448275862069,8.04597701149426,6.89655172413794,4.54545454545455
"467",2002,1,217,1.85185185185185,4.29447852760735,2.46913580246914,4.43037974683544
"468",2002,1,218,1.28205128205127,1.29032258064517,1.28205128205127,2.70270270270269
"469",2002,1,301,8.62068965517241,8.62068965517241,5.17241379310344,5.35714285714286
"470",2002,1,302,10.0558659217877,16.9491525423729,3.91061452513966,3.50877192982456
"471",2002,1,303,0,0.990099009900987,2.97029702970298,1.01010101010101
"472",2002,1,304,0,1.0752688172043,6.45161290322581,1.11111111111111
"473",2002,1,305,0.645161290322577,4.54545454545455,3.2258064516129,5.80645161290323
"474",2002,1,306,0,1.6260162601626,0.806451612903231,4.8780487804878
"475",2002,1,307,2.29007633587787,0.769230769230774,0,4.61538461538461
"476",2002,1,308,5.97014925373134,10.6060606060606,1.49253731343283,6.34920634920636
"477",2002,1,309,1.09890109890109,6.74157303370787,5.55555555555556,4.39560439560439
"478",2002,1,310,0.409836065573771,4.52674897119341,0.409836065573771,2.54237288135593
"479",2002,1,401,1.95121951219512,4.90196078431373,2.92682926829269,2.48756218905473
"480",2002,1,402,3.31125827814569,2.66666666666666,1.32450331125827,2.73972602739725
"481",2002,1,403,4.81283422459893,1.6042780748663,2.13903743315508,2.17391304347827
"482",2002,1,404,3.47222222222221,6.29370629370629,3.47222222222221,1.38888888888889
"483",2002,1,405,2.20588235294117,4.41176470588235,0,0.740740740740748
"484",2002,1,406,0,0,0,3.07692307692308
"485",2002,1,407,0.851063829787236,3.82978723404256,4.68085106382978,3.04347826086956
"486",2002,1,408,1.5625,3.125,0,1.59999999999999
"487",2002,1,409,3.00751879699249,4.51127819548873,3.00751879699249,0.78125
"488",2002,1,410,0,0,0,2.0618556701031
"489",2002,1,411,3.15789473684211,5.31914893617021,2.10526315789473,3.15789473684211
"490",2002,1,412,5.29801324503312,1.98675496688742,1.98675496688742,0.689655172413794
"491",2002,1,413,1.51515151515152,0.751879699248121,0.751879699248121,0
"492",2002,1,414,0,5.88235294117648,1.9607843137255,0
"493",2002,1,501,4.05405405405406,17.5675675675676,9.45945945945947,5.63380281690141
"494",2002,1,502,1.92307692307693,7.69230769230769,0,0
"495",2002,1,503,0,2.17391304347827,2.12765957446808,0
"496",2002,2,101,0,3.03030303030303,6.06060606060606,3.03030303030303
"497",2002,2,102,6.06060606060606,12.1212121212121,3.03030303030303,12.5
"498",2002,2,103,0,6.89655172413794,0,3.44827586206897
"499",2002,2,104,0,9.52380952380952,9.52380952380952,4.76190476190477
"500",2002,2,105,10.2564102564102,5.12820512820514,0,0
"501",2002,2,106,5.88235294117648,5.88235294117648,0,2.04081632653062
"502",2002,2,107,3.63636363636364,1.81818181818181,0,3.70370370370371
"503",2002,2,108,0,3.17460317460318,0,0
"504",2002,2,109,0,2.32558139534885,0,4.65116279069767
"505",2002,2,110,0,8.33333333333334,0,13.6363636363636
"506",2002,2,201,2.32558139534885,2.27272727272727,0,0
"507",2002,2,202,0,2.94117647058823,2.85714285714286,2.85714285714286
"508",2002,2,203,20,13.3333333333333,6.66666666666667,13.3333333333333
"509",2002,2,204,8.69565217391305,4.34782608695652,4.34782608695652,8.69565217391305
"510",2002,2,205,0,0,0,0
"511",2002,2,206,2.94117647058823,2.94117647058823,11.7647058823529,5.88235294117648
"512",2002,2,207,3.70370370370371,7.4074074074074,3.70370370370371,0
"513",2002,2,208,11.1111111111111,11.1111111111111,11.1111111111111,0
"514",2002,2,209,0,0,0,7.14285714285714
"515",2002,2,210,1.85185185185185,1.81818181818181,1.81818181818181,1.85185185185185
"516",2002,2,211,4.16666666666666,6.25,2.08333333333334,0
"517",2002,2,212,8.69565217391305,13.3333333333333,6.52173913043478,2.17391304347827
"518",2002,2,213,0,0,0,0
"519",2002,2,214,0,4,0,0
"520",2002,2,215,2.38095238095238,0,0,2.5
"521",2002,2,216,0,6.66666666666667,0,13.3333333333333
"522",2002,2,217,0,12.5,0,12.5
"523",2002,2,218,0,0,2.12765957446808,2.22222222222223
"524",2002,2,301,5,7.5,0,0
"525",2002,2,302,0,10.6382978723404,0,2.38095238095238
"526",2002,2,303,0,0,2.63157894736842,0
"527",2002,2,304,0,1.49253731343283,4.41176470588235,1.53846153846153
"528",2002,2,305,0,2.4390243902439,2.4390243902439,3.6144578313253
"529",2002,2,306,0,1.19047619047619,1.20481927710844,1.23456790123457
"530",2002,2,307,3.33333333333333,3.57142857142857,3.33333333333333,3.33333333333333
"531",2002,2,308,16.6666666666667,16.6666666666667,16.6666666666667,0
"532",2002,2,309,0,6.06060606060606,3.03030303030303,3.03030303030303
"533",2002,2,310,0,2.04081632653062,0,0
"534",2002,2,401,4.34782608695652,6.25,4.16666666666666,2.08333333333334
"535",2002,2,402,0,0,0,0
"536",2002,2,403,0,0,0,3.84615384615384
"537",2002,2,404,5,5,0,0
"538",2002,2,405,1.9607843137255,3.92156862745098,1.9607843137255,0
"539",2002,2,406,0,0,0,8.16326530612244
"540",2002,2,407,4.70588235294119,1.17647058823529,8.23529411764706,0
"541",2002,2,408,2.12765957446808,2.17391304347827,2.12765957446808,4.65116279069767
"542",2002,2,409,0,2.63157894736842,0,0
"543",2002,2,410,0,0,0,0
"544",2002,2,411,0,10.4166666666667,0,0
"545",2002,2,412,4.34782608695652,0,8.69565217391305,0
"546",2002,2,413,2.5,0,2.5,2.5
"547",2002,2,414,0,0,0,0
"548",2002,2,501,1.72413793103449,8.47457627118644,8.47457627118644,1.78571428571429
"549",2002,2,502,1.85185185185185,1.85185185185185,0,1.85185185185185
"550",2002,2,503,1.63934426229508,1.63934426229508,1.63934426229508,0
"551",2005,1,101,4.09836065573771,6.5040650406504,0,1.70940170940172
"552",2005,1,102,8.62068965517241,5.98290598290599,6.77966101694916,3.47826086956522
"553",2005,1,103,7.82608695652173,23.2142857142857,8.69565217391305,4.42477876106194
"554",2005,1,104,4.7244094488189,14.0625,9.375,3.27868852459017
"555",2005,1,105,0,18.5840707964602,1.75438596491229,0.884955752212392
"556",2005,1,106,0,5.12820512820514,2.56410256410257,2.66666666666666
"557",2005,1,107,1.52671755725191,3.07692307692308,5.34351145038168,2.4390243902439
"558",2005,1,108,0,0,0,2.27272727272727
"559",2005,1,109,2.63157894736842,9.21052631578947,10.5263157894737,2.63157894736842
"560",2005,1,110,0,0,2.88461538461539,5.05050505050505
"561",2005,1,201,3.77358490566037,4.71698113207547,7.4766355140187,1.90476190476191
"562",2005,1,202,0,4.08163265306123,6.12244897959184,2.12765957446808
"563",2005,1,203,7.57575757575758,1.53846153846153,1.51515151515152,5
"564",2005,1,204,6.06060606060606,4.08163265306123,5,0
"565",2005,1,205,2.5,4.16666666666666,4.16666666666666,1.76991150442478
"566",2005,1,206,2.32558139534885,0,6.81818181818183,0
"567",2005,1,207,0,2.72727272727272,0.909090909090907,0
"568",2005,1,208,7.95454545454545,2.29885057471265,6.89655172413794,2.40963855421687
"569",2005,1,209,0,8.7378640776699,2.91262135922329,5.3763440860215
"570",2005,1,210,2.59740259740259,2.63157894736842,2.59740259740259,2.70270270270269
"571",2005,1,211,0,0,1.38888888888889,2.06896551724138
"572",2005,1,212,6.03448275862068,8.62068965517241,4.31034482758621,0.869565217391298
"573",2005,1,213,0.862068965517238,4.31034482758621,2.58620689655173,0.892857142857139
"574",2005,1,214,7.45341614906833,16.4556962025316,10,3.28947368421053
"575",2005,1,215,0,0.724637681159422,0,0.746268656716424
"576",2005,1,216,1.2987012987013,5.1948051948052,6.57894736842105,3.94736842105263
"577",2005,1,217,2.09790209790209,6.29370629370629,2.77777777777779,0
"578",2005,1,218,0,0.763358778625957,0.757575757575751,2.32558139534885
"579",2005,1,301,0,0,0,0
"580",2005,1,302,5.12820512820514,5.21739130434783,4.27350427350427,3.6697247706422
"581",2005,1,303,3.75,2.5,6.25,1.28205128205127
"582",2005,1,304,1.17647058823529,1.17647058823529,2.32558139534885,1.20481927710844
"583",2005,1,305,2.52100840336135,6.72268907563026,1.68067226890757,4.5045045045045
"584",2005,1,306,0.952380952380949,0,0.943396226415089,1.90476190476191
"585",2005,1,307,4.82758620689656,7.63888888888889,2.08333333333334,2.15827338129496
"586",2005,1,308,7.4074074074074,14.8148148148148,6.17283950617285,7.69230769230769
"587",2005,1,309,2.40963855421687,15.6626506024096,3.6144578313253,2.53164556962025
"588",2005,1,310,5.32786885245902,10.7438016528926,5.71428571428572,4.27350427350427
"589",2005,1,401,3.76344086021506,0.540540540540533,1.6042780748663,1.63043478260869
"590",2005,1,402,2.15827338129496,0,0,1.50375939849624
"591",2005,1,403,6.91489361702128,1.06382978723404,4.25531914893617,1.09890109890109
"592",2005,1,404,2.42424242424242,2.94117647058823,2.35294117647059,1.18343195266272
"593",2005,1,405,4.16666666666666,2.5,2.5,3.38983050847457
"594",2005,1,406,0,0,0.694444444444443,0.694444444444443
"595",2005,1,407,1.68067226890757,0.425531914893611,1.66666666666667,3.43347639484979
"596",2005,1,408,0.793650793650784,0.799999999999997,0.799999999999997,1.6260162601626
"597",2005,1,409,0,4.51127819548873,2.25563909774436,0
"598",2005,1,410,1,2.02020202020202,1,0
"599",2005,1,411,1.09890109890109,1.09890109890109,1.09890109890109,1.13636363636364
"600",2005,1,412,2.5,3.14465408805032,3.75,0.636942675159233
"601",2005,1,413,0.729927007299267,1.44927536231883,2.17391304347827,1.50375939849624
"602",2005,1,414,0,0,0,0
"603",2005,1,501,6.41025641025641,10.2564102564102,7.59493670886076,1.31578947368422
"604",2005,1,502,0,4.91803278688525,0,1.66666666666667
"605",2005,1,503,0,0,0,0
"606",2005,2,101,5,4.8780487804878,2.4390243902439,0
"607",2005,2,102,2.38095238095238,2.38095238095238,7.14285714285714,2.4390243902439
"608",2005,2,103,9.52380952380952,9.52380952380952,19.0476190476191,9.52380952380952
"609",2005,2,104,0,4.16666666666666,4.16666666666666,4.34782608695652
"610",2005,2,105,0,9.09090909090909,0,6.06060606060606
"611",2005,2,106,0,2.85714285714286,2.77777777777779,0
"612",2005,2,107,3.2258064516129,6.45161290322581,4.83870967741935,1.61290322580645
"613",2005,2,108,1.81818181818181,0,1.81818181818181,0
"614",2005,2,109,2.70270270270269,5.26315789473685,2.63157894736842,0
"615",2005,2,110,4.34782608695652,0,8.69565217391305,0
"616",2005,2,201,2.12765957446808,4.25531914893617,4.25531914893617,0
"617",2005,2,202,0,4.76190476190477,4.76190476190477,0
"618",2005,2,203,8.33333333333334,0,0,0
"619",2005,2,204,17.3913043478261,0,17.3913043478261,0
"620",2005,2,205,0,4.34782608695652,13.0434782608696,0
"621",2005,2,206,3.70370370370371,0,7.4074074074074,0
"622",2005,2,207,0,4,4,0
"623",2005,2,208,0,0,0,0
"624",2005,2,209,0,14.2857142857143,7.14285714285714,0
"625",2005,2,210,0,0,0,4.54545454545455
"626",2005,2,211,5.45454545454545,3.70370370370371,1.81818181818181,0
"627",2005,2,212,7.84313725490196,1.9607843137255,3.92156862745098,0
"628",2005,2,213,0,6.89655172413794,0,3.44827586206897
"629",2005,2,214,0,0,0,3.2258064516129
"630",2005,2,215,0,0,0,0
"631",2005,2,216,0,9.09090909090909,9.09090909090909,9.09090909090909
"632",2005,2,217,9.09090909090909,9.09090909090909,9.09090909090909,10
"633",2005,2,218,0,1.85185185185185,0,1.9607843137255
"634",2005,2,301,0,2.56410256410257,0,0
"635",2005,2,302,0,4.25531914893617,4.25531914893617,8.88888888888889
"636",2005,2,303,0,2.4390243902439,0,5
"637",2005,2,304,1.9607843137255,3.92156862745098,1.9607843137255,1.92307692307693
"638",2005,2,305,0,3.03030303030303,3.03030303030303,5
"639",2005,2,306,1.5873015873016,1.61290322580645,1.5873015873016,0
"640",2005,2,307,5.55555555555556,5.71428571428572,2.77777777777779,6.06060606060606
"641",2005,2,308,11.1111111111111,22.2222222222222,11.1111111111111,3.84615384615384
"642",2005,2,309,3.57142857142857,3.57142857142857,0,0
"643",2005,2,310,7.89473684210526,13.5135135135135,0,2.70270270270269
"644",2005,2,401,0,4.16666666666666,0,4
"645",2005,2,402,6.45161290322581,0,9.375,0
"646",2005,2,403,0,0,0,0
"647",2005,2,404,8.33333333333334,0,8.33333333333334,9.09090909090909
"648",2005,2,405,4.83870967741935,1.61290322580645,6.45161290322581,1.61290322580645
"649",2005,2,406,0,0,0,7.69230769230769
"650",2005,2,407,0,0,0,0
"651",2005,2,408,0,0,0,8.1081081081081
"652",2005,2,409,0,2.85714285714286,2.85714285714286,0
"653",2005,2,410,0,0,0,0
"654",2005,2,411,0,0,0,0
"655",2005,2,412,6.66666666666667,0,0,0
"656",2005,2,413,0,0,0,6.89655172413794
"657",2005,2,414,0,0,0,2.85714285714286
"658",2005,2,501,1.81818181818181,1.78571428571429,3.57142857142857,0
"659",2005,2,502,0,1.9607843137255,0,0
"660",2005,2,503,0,0,0,0
"661",2008,1,101,2.45398773006134,9.20245398773007,2.4390243902439,0.657894736842096
"662",2008,1,102,2.27272727272727,2.30769230769231,2.27272727272727,3.125
"663",2008,1,103,1.65289256198346,7.5,5.78512396694215,5.66037735849056
"664",2008,1,104,9.01639344262296,9.01639344262296,2.45901639344262,1.68067226890757
"665",2008,1,105,1.09890109890109,11.1111111111111,4.39560439560439,1.16279069767442
"666",2008,1,106,1.72413793103449,0,3.50877192982456,1.85185185185185
"667",2008,1,107,0,3.80952380952381,3.80952380952381,1.01010101010101
"668",2008,1,108,3.92156862745098,0,3.92156862745098,0
"669",2008,1,109,5.88235294117648,4.41176470588235,0,0
"670",2008,1,110,3.50877192982456,6.14035087719299,7.89473684210526,0.909090909090907
"671",2008,1,201,0,7.92079207920791,1.98019801980197,1
"672",2008,1,202,6.52173913043478,10.8695652173913,6.52173913043478,4.54545454545455
"673",2008,1,203,3.2258064516129,4.76190476190477,3.17460317460318,8.33333333333334
"674",2008,1,204,0,10.6666666666667,2.66666666666666,2.77777777777779
"675",2008,1,205,2.27272727272727,5.68181818181817,3.40909090909091,0
"676",2008,1,206,2.63157894736842,13.5135135135135,2.63157894736842,2.85714285714286
"677",2008,1,207,0,5.45454545454545,6.25,0.917431192660544
"678",2008,1,208,1.49253731343283,0,0,0
"679",2008,1,209,6.17283950617285,3.70370370370371,4.93827160493827,1.28205128205127
"680",2008,1,210,5.20833333333334,4.25531914893617,3.125,1.09890109890109
"681",2008,1,211,1.55038759689923,2.30769230769231,0.769230769230774,1.6260162601626
"682",2008,1,212,3.53982300884957,4.42477876106194,0.884955752212392,3.6036036036036
"683",2008,1,213,2.67857142857143,4.46428571428571,2.67857142857143,0
"684",2008,1,214,2.15827338129496,7.19424460431655,5,1.52671755725191
"685",2008,1,215,0,0,0.819672131147541,2.63157894736842
"686",2008,1,216,0,0,2.73972602739725,1.40845070422534
"687",2008,1,217,0,4.12371134020619,0,0
"688",2008,1,218,2.45901639344262,0.833333333333329,1.63934426229508,0.847457627118644
"689",2008,1,301,0,0,1.78571428571429,0
"690",2008,1,302,2.89855072463769,3.64963503649635,2.15827338129496,1.47058823529412
"691",2008,1,303,1.12359550561798,8.98876404494382,5.55555555555556,2.27272727272727
"692",2008,1,304,3.70370370370371,2.5,3.70370370370371,0
"693",2008,1,305,3,5.10204081632652,3,2.10526315789473
"694",2008,1,306,0,4.54545454545455,3.37078651685393,0
"695",2008,1,307,8.1081081081081,23.1481481481482,5.4054054054054,3.125
"696",2008,1,308,1.44927536231883,7.14285714285714,2.85714285714286,7.57575757575758
"697",2008,1,309,2.73972602739725,11.8421052631579,5.1948051948052,2.77777777777779
"698",2008,1,310,2.76243093922652,8.88888888888889,4.41988950276243,6.3953488372093
"699",2008,1,401,4.8780487804878,4.81927710843374,1.20481927710844,1.25786163522012
"700",2008,1,402,2.70270270270269,4.76190476190477,5.4054054054054,2.05479452054794
"701",2008,1,403,5,1.11731843575419,0.555555555555557,2.85714285714286
"702",2008,1,404,2.28571428571429,2.3121387283237,2.28571428571429,0.591715976331358
"703",2008,1,405,1.98019801980197,0.990099009900987,3.96039603960396,1.04166666666666
"704",2008,1,406,1.01010101010101,0,0,0
"705",2008,1,407,2.25225225225225,2.29357798165137,2.69058295964125,0.934579439252332
"706",2008,1,408,1.6260162601626,3.27868852459017,4.0650406504065,0
"707",2008,1,409,0.787401574803141,3.93700787401575,5.51181102362204,2.4390243902439
"708",2008,1,410,4.59770114942529,0,0,3.48837209302324
"709",2008,1,411,1.13636363636364,0,2.27272727272727,0
"710",2008,1,412,0.775193798449607,0.78125,0,0
"711",2008,1,413,0.961538461538453,1.92307692307693,0.961538461538453,2
"712",2008,1,414,4.22535211267606,0,1.40845070422534,0
"713",2008,1,501,1.55038759689923,2.38095238095238,0,1.5873015873016
"714",2008,1,502,0.862068965517238,0.862068965517238,0.862068965517238,1.75438596491229
"715",2008,1,503,0,0,1,0
"716",2008,2,101,0,2.94117647058823,0,3.03030303030303
"717",2008,2,102,4.8780487804878,4.8780487804878,4.8780487804878,2.4390243902439
"718",2008,2,103,0,7.69230769230769,3.84615384615384,0
"719",2008,2,104,4,8,0,4
"720",2008,2,105,2.94117647058823,5.88235294117648,2.94117647058823,0
"721",2008,2,106,0,0,0,0
"722",2008,2,107,0,4.44444444444444,4.44444444444444,4.54545454545455
"723",2008,2,108,0,0,5.4054054054054,0
"724",2008,2,109,0,0,0,0
"725",2008,2,110,0,9.09090909090909,0,9.09090909090909
"726",2008,2,201,0,0,0,0
"727",2008,2,202,3.33333333333333,3.33333333333333,10,0
"728",2008,2,203,6.89655172413794,6.89655172413794,0,3.70370370370371
"729",2008,2,204,0,26.0869565217391,8.69565217391305,0
"730",2008,2,205,0,2.63157894736842,0,0
"731",2008,2,206,4.16666666666666,8.33333333333334,0,0
"732",2008,2,207,0,0,0,4.54545454545455
"733",2008,2,208,0,0,0,0
"734",2008,2,209,8.33333333333334,0,4.16666666666666,4.16666666666666
"735",2008,2,210,0,3.70370370370371,0,0
"736",2008,2,211,2.77777777777779,2.77777777777779,0,0
"737",2008,2,212,3.03030303030303,0,0,3.2258064516129
"738",2008,2,213,0,3.2258064516129,0,0
"739",2008,2,214,0,4,4,0
"740",2008,2,215,0,0,0,2.94117647058823
"741",2008,2,216,15.7894736842105,15.7894736842105,5.26315789473685,0
"742",2008,2,217,1.61290322580645,0,1.5873015873016,3.50877192982456
"743",2008,2,218,1.9607843137255,0,3.92156862745098,2.04081632653062
"744",2008,2,301,0,0,2.85714285714286,0
"745",2008,2,302,5.4054054054054,0,2.63157894736842,2.63157894736842
"746",2008,2,303,0,4,1.9607843137255,0
"747",2008,2,304,0,2.08333333333334,0,8.69565217391305
"748",2008,2,305,2.04081632653062,0,0,6.12244897959184
"749",2008,2,306,1.78571428571429,0,1.75438596491229,0
"750",2008,2,307,3.70370370370371,7.4074074074074,7.4074074074074,0
"751",2008,2,308,3.44827586206897,3.44827586206897,0,0
"752",2008,2,309,0,8.69565217391305,4.34782608695652,0
"753",2008,2,310,5.26315789473685,2.70270270270269,0,2.77777777777779
"754",2008,2,401,4.65116279069767,0,0,0
"755",2008,2,402,0,5.88235294117648,0,0
"756",2008,2,403,0,0,3.57142857142857,0
"757",2008,2,404,8.33333333333334,0,15.3846153846154,0
"758",2008,2,405,0,2.27272727272727,2.27272727272727,4.65116279069767
"759",2008,2,406,0,0,0,0
"760",2008,2,407,0,0,3.57142857142857,1.78571428571429
"761",2008,2,408,0,0,6.89655172413794,0
"762",2008,2,409,0,7.69230769230769,0,3.70370370370371
"763",2008,2,410,0,0,3.33333333333333,0
"764",2008,2,411,0,3.03030303030303,0,0
"765",2008,2,412,4.16666666666666,0,4.16666666666666,0
"766",2008,2,413,4.34782608695652,0,0,0
"767",2008,2,414,0,0,0,0
"768",2008,2,501,9.52380952380952,6.45161290322581,3.17460317460318,0
"769",2008,2,502,3.44827586206897,3.38983050847457,1.69491525423729,3.50877192982456
"770",2008,2,503,0,0,0,1.14942528735632
"771",2011,1,101,4.23728813559322,0.862068965517238,1.69491525423729,5.17241379310344
"772",2011,1,102,0,0,0,2.17391304347827
"773",2011,1,103,10.4575163398693,4.0268456375839,8.55263157894737,4.69798657718121
"774",2011,1,104,0.763358778625957,10,3.05343511450383,5.55555555555556
"775",2011,1,105,4.80000000000001,1.61290322580645,8,4.03225806451613
"776",2011,1,106,0,5.6179775280899,6.74157303370787,5.6179775280899
"777",2011,1,107,5.69620253164557,10.8974358974359,3.77358490566037,3.77358490566037
"778",2011,1,108,1.63934426229508,0,0,3.27868852459017
"779",2011,1,109,0.980392156862735,1.98019801980197,0,0
"780",2011,1,110,6.03448275862068,0.862068965517238,0.862068965517238,1.81818181818181
"781",2011,1,201,7.52688172043011,7.52688172043011,7.52688172043011,2.15053763440861
"782",2011,1,202,4.41176470588235,5.88235294117648,5.88235294117648,1.49253731343283
"783",2011,1,203,8.97435897435898,0,6.41025641025641,1.31578947368422
"784",2011,1,204,4.67289719626169,8.41121495327103,3.73831775700934,0
"785",2011,1,205,2.20588235294117,1.47058823529412,0,2.23880597014924
"786",2011,1,206,1.88679245283019,1.88679245283019,1.88679245283019,1.92307692307693
"787",2011,1,207,2.4390243902439,8.94308943089432,4.0650406504065,3.27868852459017
"788",2011,1,208,1.21951219512195,1.23456790123457,2.4390243902439,2.53164556962025
"789",2011,1,209,0.917431192660544,3.6697247706422,3.6697247706422,6.42201834862385
"790",2011,1,210,2.1978021978022,6.5934065934066,0,1.11111111111111
"791",2011,1,211,6.69856459330144,2.40384615384616,0.47846889952153,1.94174757281553
"792",2011,1,212,4.54545454545455,3.03030303030303,1.51515151515152,2.36220472440945
"793",2011,1,213,7.00636942675159,17.0886075949367,6.96202531645569,1.93548387096774
"794",2011,1,214,9.74025974025975,2.58064516129032,1.29032258064517,5.4054054054054
"795",2011,1,215,1.29032258064517,3.87096774193549,3.2258064516129,1.30718954248366
"796",2011,1,216,1.2987012987013,2.59740259740259,1.28205128205127,5.1948051948052
"797",2011,1,217,2.61437908496733,1.30718954248366,0.653594771241828,1.97368421052632
"798",2011,1,218,2.36686390532545,3.59281437125748,1.19047619047619,1.82926829268293
"799",2011,1,301,1,2.02020202020202,0,3.03030303030303
"800",2011,1,302,5.33333333333333,21.8543046357616,13.2450331125828,3.37837837837837
"801",2011,1,303,0,5.17241379310344,6.83760683760684,6.89655172413794
"802",2011,1,304,0,2.32558139534885,0,0
"803",2011,1,305,0,3.15789473684211,1.03092783505154,4.12371134020619
"804",2011,1,306,0.892857142857139,5.35714285714286,4.46428571428571,1.8018018018018
"805",2011,1,307,0.746268656716424,4.51127819548873,2.23880597014924,3.84615384615384
"806",2011,1,308,4.65116279069767,8.13953488372093,1.16279069767442,6.02409638554217
"807",2011,1,309,1.11111111111111,7.77777777777777,2.22222222222223,7.77777777777777
"808",2011,1,310,4,7.63636363636364,3.62318840579711,2.93040293040293
"809",2011,1,401,0.653594771241828,0,0,5.29801324503312
"810",2011,1,402,0.657894736842096,1.31578947368422,2.63157894736842,2.05479452054794
"811",2011,1,403,5,5,3.86740331491713,3.46820809248555
"812",2011,1,404,1.32450331125827,0,0,3.42465753424658
"813",2011,1,405,0,0,0,2.09790209790209
"814",2011,1,406,5.26315789473685,5.26315789473685,0,2.27272727272727
"815",2011,1,407,0,0,1.06007067137809,1.1070110701107
"816",2011,1,408,0,1.43884892086331,0.719424460431654,2.87769784172663
"817",2011,1,409,1.6260162601626,2.4390243902439,0,4.16666666666666
"818",2011,1,410,4.81927710843374,7.22891566265061,1.21951219512195,1.20481927710844
"819",2011,1,411,0,0,0,1.12359550561798
"820",2011,1,412,0.632911392405063,8.86075949367088,3.14465408805032,2.53164556962025
"821",2011,1,413,0.649350649350637,1.30718954248366,0.649350649350637,0.675675675675677
"822",2011,1,414,0,6.45161290322581,0,6.45161290322581
"823",2011,1,501,5.3763440860215,3.26086956521739,4.3010752688172,1.12359550561798
"824",2011,1,502,2.53164556962025,0,2.53164556962025,0
"825",2011,1,503,0,0,0,3.77358490566037
"826",2011,2,101,6,0,2,8
"827",2011,2,102,0,0,0,4.44444444444444
"828",2011,2,103,13.7931034482759,7.14285714285714,13.7931034482759,0
"829",2011,2,104,6.45161290322581,12.9032258064516,3.2258064516129,10
"830",2011,2,105,4.8780487804878,4.8780487804878,7.3170731707317,2.5
"831",2011,2,106,0,0,7.69230769230769,2.63157894736842
"832",2011,2,107,2.17391304347827,10.8695652173913,6.52173913043478,2.17391304347827
"833",2011,2,108,0,0,0,0
"834",2011,2,109,4.25531914893617,2.17391304347827,0,0
"835",2011,2,110,0,0,0,3.2258064516129
"836",2011,2,201,15.5172413793103,8.62068965517241,12.0689655172414,1.72413793103449
"837",2011,2,202,2.56410256410257,5.12820512820514,0,5.12820512820514
"838",2011,2,203,2.70270270270269,0,8.1081081081081,0
"839",2011,2,204,2.94117647058823,0,0,0
"840",2011,2,205,0,0,0,4.34782608695652
"841",2011,2,206,0,3.44827586206897,3.44827586206897,0
"842",2011,2,207,6.89655172413794,6.89655172413794,10.3448275862069,0
"843",2011,2,208,0,3.125,0,6.06060606060606
"844",2011,2,209,15.7894736842105,0,15.7894736842105,5.26315789473685
"845",2011,2,210,1.66666666666667,5,1.66666666666667,0
"846",2011,2,211,4.16666666666666,6.25,0,2.08333333333334
"847",2011,2,212,2.17391304347827,2.17391304347827,0,0
"848",2011,2,213,15.3846153846154,15.3846153846154,19.2307692307692,0
"849",2011,2,214,2.63157894736842,0,0,2.63157894736842
"850",2011,2,215,0,2.32558139534885,4.65116279069767,2.32558139534885
"851",2011,2,216,0,0,4.54545454545455,0
"852",2011,2,217,6.25,0,0,0
"853",2011,2,218,2.77777777777779,2.77777777777779,2.77777777777779,2.77777777777779
"854",2011,2,301,0,4.08163265306123,0,0
"855",2011,2,302,7.01754385964912,17.5438596491228,1.75438596491229,3.57142857142857
"856",2011,2,303,0,3.84615384615384,5.66037735849056,0
"857",2011,2,304,0,1.09890109890109,0,2.1978021978022
"858",2011,2,305,0,0,0,2.77777777777779
"859",2011,2,306,1,5,5,0
"860",2011,2,307,2.38095238095238,4.8780487804878,4.76190476190477,2.38095238095238
"861",2011,2,308,0,8.57142857142857,2.85714285714286,2.85714285714286
"862",2011,2,309,0,3.33333333333333,0,3.44827586206897
"863",2011,2,310,1.92307692307693,7.69230769230769,1.92307692307693,0
"864",2011,2,401,0,0,0,0
"865",2011,2,402,0,0,0,3.2258064516129
"866",2011,2,403,0,3.70370370370371,0,0
"867",2011,2,404,0,0,0,5.55555555555556
"868",2011,2,405,0,0,0,2.12765957446808
"869",2011,2,406,8,8.33333333333334,0,0
"870",2011,2,407,0,0,0,2.12765957446808
"871",2011,2,408,0,2.17391304347827,4.34782608695652,2.22222222222223
"872",2011,2,409,3.33333333333333,3.33333333333333,3.33333333333333,0
"873",2011,2,410,0,0,0,0
"874",2011,2,411,0,0,0,4.16666666666666
"875",2011,2,412,3.70370370370371,7.4074074074074,0,0
"876",2011,2,413,0,0,3.33333333333333,0
"877",2011,2,414,3.125,0,3.125,3.33333333333333
"878",2011,2,501,2.32558139534885,4.65116279069767,2.32558139534885,0
"879",2011,2,502,2.27272727272727,2.27272727272727,6.81818181818183,0
"880",2011,2,503,0,0,0,5.76923076923077
"881",2014,1,101,5.05050505050505,8.16326530612244,1.01010101010101,2.0618556701031
"882",2014,1,102,5.6910569105691,8.47457627118644,4.80000000000001,3.30578512396694
"883",2014,1,103,3.00751879699249,6.01503759398496,0,3.00751879699249
"884",2014,1,104,7.25806451612904,17.741935483871,4.03225806451613,5.78512396694215
"885",2014,1,105,3.57142857142857,2.80373831775701,1.8018018018018,5.45454545454545
"886",2014,1,106,0,2.8169014084507,5.47945205479452,2.85714285714286
"887",2014,1,107,2.30769230769231,10,8.46153846153847,1.5625
"888",2014,1,108,1.69491525423729,0,1.69491525423729,5.26315789473685
"889",2014,1,109,0.952380952380949,1.90476190476191,2.85714285714286,1.9607843137255
"890",2014,1,110,3.10077519379846,3.93700787401575,4.65116279069767,4.8780487804878
"891",2014,1,201,4.8780487804878,2.46913580246914,1.21951219512195,5
"892",2014,1,202,1.51515151515152,3.03030303030303,1.51515151515152,3.03030303030303
"893",2014,1,203,1.69491525423729,5.08474576271186,1.69491525423729,1.75438596491229
"894",2014,1,204,0,1.31578947368422,2.5,0
"895",2014,1,205,0,9.375,0,0.78125
"896",2014,1,206,0,2.22222222222223,0,2.32558139534885
"897",2014,1,207,4.3859649122807,7.2072072072072,3.50877192982456,0.943396226415089
"898",2014,1,208,2.85714285714286,0,1.42857142857142,4.41176470588235
"899",2014,1,209,6.14035087719299,2.67857142857143,0,3.53982300884957
"900",2014,1,210,1.14942528735632,4.70588235294119,2.29885057471265,3.48837209302324
"901",2014,1,211,0.515463917525778,1.54639175257731,2.57731958762886,1.5873015873016
"902",2014,1,212,0,0,1.88679245283019,3.92156862745098
"903",2014,1,213,3.81679389312977,3.2258064516129,3.78787878787878,3.14960629921261
"904",2014,1,214,3.18471337579618,3.2051282051282,1.91082802547771,3.82165605095541
"905",2014,1,215,0.694444444444443,2.09790209790209,1.36986301369863,4.16666666666666
"906",2014,1,216,1.53846153846153,0,1.53846153846153,1.5625
"907",2014,1,217,8.84353741496598,2.08333333333334,2.72108843537416,2.72108843537416
"908",2014,1,218,4.45859872611464,5.16129032258064,1.27388535031847,3.2051282051282
"909",2014,1,301,0,5.10204081632652,2.02020202020202,2.0618556701031
"910",2014,1,302,5.88235294117648,14.5695364238411,5.22875816993465,5.29801324503312
"911",2014,1,303,0.854700854700852,3.53982300884957,1.70940170940172,4.31034482758621
"912",2014,1,304,3.2258064516129,3.2258064516129,1.0752688172043,1.11111111111111
"913",2014,1,305,0,3.17460317460318,2.30769230769231,3.125
"914",2014,1,306,2.63157894736842,5.26315789473685,4.3859649122807,0.909090909090907
"915",2014,1,307,2.52100840336135,18.4873949579832,1.66666666666667,5.12820512820514
"916",2014,1,308,8.13953488372093,8.13953488372093,5.81395348837209,6.02409638554217
"917",2014,1,309,0,2.27272727272727,3.40909090909091,4.8780487804878
"918",2014,1,310,5.26315789473685,13.5849056603774,5.66037735849056,4.23076923076923
"919",2014,1,401,2.66666666666666,3.33333333333333,2.64900662251655,1.32450331125827
"920",2014,1,402,1.37931034482759,4.16666666666666,9.6551724137931,2.77777777777779
"921",2014,1,403,2.84090909090909,2.87356321839081,0.568181818181827,4.11764705882352
"922",2014,1,404,1.85185185185185,6.25,2.46913580246914,3.8961038961039
"923",2014,1,405,0.609756097560975,1.81818181818181,0,1.88679245283019
"924",2014,1,406,0,0,0.757575757575751,0.78125
"925",2014,1,407,0,2.99625468164794,1.48148148148148,1.53256704980843
"926",2014,1,408,0,2.1897810218978,1.42857142857142,0.757575757575751
"927",2014,1,409,1.75438596491229,0.877192982456137,0,4.42477876106194
"928",2014,1,410,0,2.4390243902439,3.65853658536585,0
"929",2014,1,411,0,3.44827586206897,1.13636363636364,2.32558139534885
"930",2014,1,412,1.63043478260869,2.76243093922652,1.63043478260869,2.20994475138122
"931",2014,1,413,0.684931506849324,1.36986301369863,1.36986301369863,0
"932",2014,1,414,0,1.26582278481013,0,2.56410256410257
"933",2014,1,501,2.0618556701031,11.4583333333333,3.125,1.08695652173914
"934",2014,1,502,0,0,2.24719101123596,1.17647058823529
"935",2014,1,503,0,4.25531914893617,0,0
"936",2014,2,101,4.8780487804878,14.6341463414634,4.8780487804878,2.4390243902439
"937",2014,2,102,4.54545454545455,4.65116279069767,0,2.22222222222223
"938",2014,2,103,7.69230769230769,3.70370370370371,0,3.84615384615384
"939",2014,2,104,0,4.76190476190477,0,0
"940",2014,2,105,4.16666666666666,4.16666666666666,4.16666666666666,2.08333333333334
"941",2014,2,106,0,3.33333333333333,0,3.57142857142857
"942",2014,2,107,0,10,7.5,2.56410256410257
"943",2014,2,108,0,0,0,2.08333333333334
"944",2014,2,109,5.26315789473685,2.85714285714286,2.63157894736842,0
"945",2014,2,110,3.70370370370371,3.70370370370371,0,0
"946",2014,2,201,2.12765957446808,0,0,2.17391304347827
"947",2014,2,202,0,0,0,0
"948",2014,2,203,5.12820512820514,2.56410256410257,2.56410256410257,2.56410256410257
"949",2014,2,204,6.45161290322581,0,0,3.33333333333333
"950",2014,2,205,0,11.7647058823529,0,0
"951",2014,2,206,0,0,0,0
"952",2014,2,207,0,7.69230769230769,7.14285714285714,0
"953",2014,2,208,5.88235294117648,3.03030303030303,2.94117647058823,2.94117647058823
"954",2014,2,209,0,5.26315789473685,0,5.26315789473685
"955",2014,2,210,3.84615384615384,9.80392156862744,5.76923076923077,1.9607843137255
"956",2014,2,211,0,5.55555555555556,0,0
"957",2014,2,212,0,0,0,8.33333333333334
"958",2014,2,213,7.4074074074074,11.5384615384615,3.70370370370371,3.70370370370371
"959",2014,2,214,2.56410256410257,2.56410256410257,0,5.26315789473685
"960",2014,2,215,0,2.94117647058823,0,3.03030303030303
"961",2014,2,216,6.25,8.33333333333334,6.25,6.25
"962",2014,2,217,11.1111111111111,0,5.55555555555556,0
"963",2014,2,218,0,2.77777777777779,2.77777777777779,5.88235294117648
"964",2014,2,301,0,2.32558139534885,2.32558139534885,0
"965",2014,2,302,5.88235294117648,5.88235294117648,0,2.04081632653062
"966",2014,2,303,0,1.75438596491229,0,5.45454545454545
"967",2014,2,304,2.77777777777779,1.38888888888889,4.16666666666666,4.41176470588235
"968",2014,2,305,2.53164556962025,1.28205128205127,3.79746835443038,2.63157894736842
"969",2014,2,306,1.25,1.23456790123457,1.23456790123457,2.53164556962025
"970",2014,2,307,0,4.44444444444444,0,2.22222222222223
"971",2014,2,308,2.85714285714286,5.71428571428572,8.57142857142857,11.4285714285714
"972",2014,2,309,6.66666666666667,6.66666666666667,8.88888888888889,2.32558139534885
"973",2014,2,310,1.78571428571429,8.92857142857143,3.50877192982456,7.14285714285714
"974",2014,2,401,0,0,2.59740259740259,1.31578947368422
"975",2014,2,402,0,2.94117647058823,2.94117647058823,2.94117647058823
"976",2014,2,403,3.70370370370371,0,0,0
"977",2014,2,404,0,0,0,0
"978",2014,2,405,0,0,0,0
"979",2014,2,406,0,0,0,0
"980",2014,2,407,0,4.16666666666666,0,0
"981",2014,2,408,0,3.03030303030303,3.03030303030303,0
"982",2014,2,409,0,0,6.66666666666667,6.66666666666667
"983",2014,2,410,6.25,3.125,3.125,0
"984",2014,2,411,0,0,0,0
"985",2014,2,412,0,0,0,0
"986",2014,2,413,0,7.4074074074074,0,3.84615384615384
"987",2014,2,414,2.70270270270269,0,0,2.70270270270269
"988",2014,2,501,8.51063829787235,6.38297872340425,8.33333333333334,2.12765957446808
"989",2014,2,502,0,0,0,2.63157894736842
"990",2014,2,503,1.75438596491229,3.50877192982456,1.75438596491229,0
"991",2017,1,101,0.970873786407765,0.980392156862735,0.970873786407765,0.980392156862735
"992",2017,1,102,2.56410256410257,1.8018018018018,5.93220338983051,3.53982300884957
"993",2017,1,103,0.970873786407765,0,0,5
"994",2017,1,104,6.61157024793388,3.38983050847457,0.819672131147541,3.44827586206897
"995",2017,1,105,7.4074074074074,1.88679245283019,0.917431192660544,1.85185185185185
"996",2017,1,106,0,1.36986301369863,0,8.45070422535211
"997",2017,1,107,0.869565217391298,5.21739130434783,3.50877192982456,10.3448275862069
"998",2017,1,108,2.04081632653062,0,2.08333333333334,2.17391304347827
"999",2017,1,109,0,0,2.56410256410257,5.33333333333333
"1000",2017,1,110,0,4.22535211267606,1.38888888888889,2.89855072463769
"1001",2017,1,201,5.63380281690141,4.41176470588235,5.55555555555556,2.94117647058823
"1002",2017,1,202,1.69491525423729,3.38983050847457,5,5.08474576271186
"1003",2017,1,203,1.81818181818181,3.70370370370371,5.45454545454545,1.88679245283019
"1004",2017,1,204,7.05882352941177,3.6144578313253,3.52941176470588,5
"1005",2017,1,205,3.05343511450383,1.59999999999999,4.58015267175573,6.06060606060606
"1006",2017,1,206,2.22222222222223,0,11.1111111111111,2.32558139534885
"1007",2017,1,207,2.29885057471265,2.32558139534885,3.44827586206897,1.20481927710844
"1008",2017,1,208,2.32558139534885,0,4.65116279069767,5
"1009",2017,1,209,1.26582278481013,7.5,2.5,2.46913580246914
"1010",2017,1,210,8.88888888888889,10.4651162790698,0,3.40909090909091
"1011",2017,1,211,3.55329949238579,3.09278350515464,3.57142857142857,1.62162162162161
"1012",2017,1,212,3.15789473684211,1.06382978723404,0,0
"1013",2017,1,213,0,0,0,3.30578512396694
"1014",2017,1,214,0,0.787401574803141,1.5625,4.8780487804878
"1015",2017,1,215,0,0,1.98675496688742,1.36054421768708
"1016",2017,1,216,1.88679245283019,0,0,7.69230769230769
"1017",2017,1,217,4.31034482758621,0.862068965517238,3.44827586206897,5.30973451327434
"1018",2017,1,218,3.2,1.59999999999999,4,0.833333333333329
"1019",2017,1,301,0,3.48837209302324,1.17647058823529,1.17647058823529
"1020",2017,1,302,4.34782608695652,10.1449275362319,6.4748201438849,5.63380281690141
"1021",2017,1,303,1.26582278481013,1.28205128205127,2.53164556962025,1.25
"1022",2017,1,304,0,0,1.31578947368422,4
"1023",2017,1,305,0,0.952380952380949,0.943396226415089,4.76190476190477
"1024",2017,1,306,0,0,0,1.17647058823529
"1025",2017,1,307,7.54716981132076,3.84615384615384,7.54716981132076,3.73831775700934
"1026",2017,1,308,4.05405405405406,0,14.8648648648649,8.1081081081081
"1027",2017,1,309,0,4.16666666666666,4.05405405405406,8.21917808219177
"1028",2017,1,310,0.884955752212392,6.81818181818183,1.76991150442478,2.24215246636771
"1029",2017,1,401,0,5.03597122302159,3.54609929078015,2.23880597014924
"1030",2017,1,402,1.5873015873016,4.31034482758621,1.5873015873016,1.59999999999999
"1031",2017,1,403,0,0,1.22699386503068,2.53164556962025
"1032",2017,1,404,0,0,6.12244897959184,2.06896551724138
"1033",2017,1,405,0,0,0.653594771241828,2
"1034",2017,1,406,0,0,2.94117647058823,7.29166666666666
"1035",2017,1,407,1.76991150442478,0.450450450450447,3.53982300884957,3.80952380952381
"1036",2017,1,408,1.55038759689923,0,4.65116279069767,5.64516129032258
"1037",2017,1,409,3.53982300884957,2.72727272727272,0,0.970873786407765
"1038",2017,1,410,2.77777777777779,4.22535211267606,2.77777777777779,0
"1039",2017,1,411,0,3.125,3.17460317460318,1.69491525423729
"1040",2017,1,412,1.94805194805194,1.98675496688742,0.645161290322577,1.94805194805194
"1041",2017,1,413,0.819672131147541,1.68067226890757,0.819672131147541,1.69491525423729
"1042",2017,1,414,5,3.57142857142857,4.91803278688525,0
"1043",2017,1,501,5.71428571428572,7.35294117647058,4.28571428571428,1.40845070422534
"1044",2017,1,502,0,3.94736842105263,2.53164556962025,3.84615384615384
"1045",2017,1,503,0,2.38095238095238,2.27272727272727,0
"1046",2017,2,101,0,0,0,0
"1047",2017,2,102,0,2.77777777777779,2.77777777777779,8.33333333333334
"1048",2017,2,103,7.14285714285714,0,0,3.84615384615384
"1049",2017,2,104,0,0,0,6.25
"1050",2017,2,105,2.38095238095238,0,2.38095238095238,0
"1051",2017,2,106,0,0,0,9.52380952380952
"1052",2017,2,107,2.63157894736842,10.5263157894737,0,10
"1053",2017,2,108,8.33333333333334,0,8.33333333333334,0
"1054",2017,2,109,0,0,3.125,0
"1055",2017,2,110,8.33333333333334,4.16666666666666,12.5,16.6666666666667
"1056",2017,2,201,4.08163265306123,2.17391304347827,8.16326530612244,0
"1057",2017,2,202,6.38297872340425,11.1111111111111,4.25531914893617,2.17391304347827
"1058",2017,2,203,3.125,3.2258064516129,3.125,0
"1059",2017,2,204,0,0,0,10.5263157894737
"1060",2017,2,205,4.16666666666666,4,4,11.5384615384615
"1061",2017,2,206,5.55555555555556,5.55555555555556,0,0
"1062",2017,2,207,0,0,0,0
"1063",2017,2,208,0,0,0,0
"1064",2017,2,209,0,5.55555555555556,5.55555555555556,0
"1065",2017,2,210,0,0,2.22222222222223,4.54545454545455
"1066",2017,2,211,2.70270270270269,5.55555555555556,0,0
"1067",2017,2,212,0,0,0,0
"1068",2017,2,213,4.54545454545455,0,4.54545454545455,4.76190476190477
"1069",2017,2,214,2.85714285714286,0,0,0
"1070",2017,2,215,0,0,0,0
"1071",2017,2,216,0,0,0,12.5
"1072",2017,2,217,0,0,0,17.6470588235294
"1073",2017,2,218,4.54545454545455,4.54545454545455,2.22222222222223,4.76190476190477
"1074",2017,2,301,0,3.03030303030303,0,0
"1075",2017,2,302,4.25531914893617,12.7659574468085,8.51063829787235,6.52173913043478
"1076",2017,2,303,0,0,0,2.77777777777779
"1077",2017,2,304,1.9607843137255,0,1.9607843137255,0
"1078",2017,2,305,0,1.81818181818181,5.35714285714286,1.78571428571429
"1079",2017,2,306,0,2,0,0
"1080",2017,2,307,5.12820512820514,0,7.69230769230769,5.12820512820514
"1081",2017,2,308,4.16666666666666,8.33333333333334,8.33333333333334,8.33333333333334
"1082",2017,2,309,0,4.65116279069767,9.30232558139535,4.65116279069767
"1083",2017,2,310,1.78571428571429,1.78571428571429,1.78571428571429,5.45454545454545
"1084",2017,2,401,0,3.38983050847457,0,1.69491525423729
"1085",2017,2,402,0,0,3.125,0
"1086",2017,2,403,0,0,0,6.89655172413794
"1087",2017,2,404,0,0,0,0
"1088",2017,2,405,2.94117647058823,2.94117647058823,0,0
"1089",2017,2,406,0,0,0,4
"1090",2017,2,407,3.03030303030303,0,3.03030303030303,0
"1091",2017,2,408,8,4.34782608695652,8,4
"1092",2017,2,409,0,0,0,4.16666666666666
"1093",2017,2,410,0,0,3.57142857142857,0
"1094",2017,2,411,0,5.71428571428572,2.77777777777779,2.85714285714286
"1095",2017,2,412,0,0,0,0
"1096",2017,2,413,4.76190476190477,4.76190476190477,9.52380952380952,5.55555555555556
"1097",2017,2,414,0,4.16666666666666,4.16666666666666,4.34782608695652
"1098",2017,2,501,9.375,23.3333333333333,12.5,0
"1099",2017,2,502,0,0,0,5.4054054054054
"1100",2017,2,503,2.4390243902439,7.5,0,2.5
